cf53d060b2ea8dbaf181a3ccb3a5039c,hero/mercy/9.ogg
088ed7515625cb1dce0ede90ce18da33,hero/mercy/10.ogg
6d510818cec4546f71d1a116e761d868,hero/hanzo/12.ogg
ea807201c65222ef4e039d9d58a574d9,hero/tracer/14.ogg
7a27ef2547b16ff09d120655222fd37c,hero/winston/16.ogg
8c3fc2f4c1df3fea5a8bea7bea7999f7,hero/mix/20.ogg
c443eb6f7cdf06950216b362b919dd51,announcer/25.ogg
9d8080820c4f4e6f9d63f31137cd9721,hero/mix/26.ogg
5ea24e05edb361aba4dec5e5697be90c,hero/mix/28.ogg
3751fda282d0c4fedf219c2160e1117a,hero/mcree/31.ogg
217cfb5cfaf717ddbcb9dc9d944eac6e,hero/genji/37.ogg
d5abba37d36255fa7c095b7edb19c25a,hero/bastion/38.ogg
c5d457fa602f48172797714582d1ed8a,hero/mix/39.ogg
e9d0380a179670733e2fe0145d38abe6,hero/zarya/41.ogg
3dc9892b08588ce4c67b0827e246c899,hero/lucio/46.ogg
372248722b339fe415f06f875d08d15b,hero/mix/48.ogg
0d65a3de66f4100d899caf4dd88266d7,hero/tracer/51.ogg
46c9b4fb73ae618976e91f39fac4c9a0,announcer/52.ogg
1c20f4218ffc1447cf4d8062b623e411,hero/reaper/62.ogg
239f75c39f4a9eaeb4a056275184ef0e,announcer/64.ogg
6ac62814cde8350a66db23f2ae38cdd3,hero/mcree/68.ogg
c24d472b8577837796a1dc20a99e5f32,hero/mix/70.ogg
921625d8f321e7392e513ddc70976ec2,hero/tracer/74.ogg
38b465b73e036790b22fb81677ff7c30,hero/tracer/75.ogg
ce260e169505568af7e997b078c6d282,hero/genji/79.ogg
d57d80b139cceeb8e1625f2dc13097ed,hero/mcree/80.ogg
dca44730c621f988158d25c5435f711a,hero/lucio/84.ogg
f933afd509ff0c31d90d5b3e91a8b678,hero/mix/88.ogg
e02d223d05c74243515e052b706e31e6,hero/reinhardt/91.ogg
5d58105d954941d7a175a746447d9f36,hero/mcree/92.ogg
a159583e5155cfe2dfa73494b5955a90,hero/reinhardt/93.ogg
6422ebab26d433a29efa1e88a379b29a,hero/mix/95.ogg
663d699b18afa7080ec54f66caca9cee,hero/mix/97.ogg
aae5fe9951a6e49c0d97ef14b07a0dd0,hero/mix/102.ogg
0f32eb7c265eef93f8b693f02719aac2,hero/dva/103.ogg
70b98a08307bf736cc9825ad9fd19f8c,hero/mix/105.ogg
b0c74ecab5dd11de2708c0d285fe0821,hero/mix/107.ogg
81152df117cea3dc31b6f5a64688a959,hero/mix/108.ogg
7a08cf059642918d83a2fac2e0311168,hero/bastion/109.ogg
e84c9161805cec4e7c909f5e6175019a,hero/lucio/112.ogg
5986a8c6012158e9d350f9896119e297,announcer/114.ogg
b3d0ce1da2807c20d64c22cee8d26b96,hero/tracer/116.ogg
2a06f162a9467fed4b9cbcd87ceb85db,hero/mix/118.ogg
9d5004bf217e3c6b76dafa44153821dd,hero/winston/120.ogg
4a9b61de34b741ca21cea194e65bf257,hero/mix/125.ogg
bb83782224940a98a762a5a0a7eee492,hero/mix/128.ogg
de5509f0c2bbf7e2501fd9eda9f048f1,announcer/133.ogg
928b6730aa3c4012e079c496e6fcba00,hero/mcree/139.ogg
c4649a1252c923c81407eb2294315d5f,hero/symmetra/140.ogg
d3f1a7289b0be836858cd73fc3d33227,hero/mix/141.ogg
026ea403ffe5f92b178ac4e780c0838a,hero/mix/144.ogg
b9af972e3dbea8722b1d1b674270b936,hero/mix/151.ogg
5b9a2d3bd2a5312b0f45fd8c320dd7cd,hero/lucio/152.ogg
f89d598164a8e571967728ae0c547a92,hero/dva/153.ogg
981f7a4bca1a5671b44fce1357f1bd55,hero/mix/154.ogg
08752638a1f532e0c3132050455de60e,hero/winston/155.ogg
a4116637d5ea08245d44c7c0ec66b41a,hero/mix/163.ogg
44dfabab1d1b7e066441ef03cfc76c39,hero/mix/164.ogg
c11056501679a24c9f63f7de4628fc06,hero/mix/166.ogg
510fcd1a83302b8d5996140975a4450b,hero/hanzo/171.ogg
ea5aa291b6c79716af85f97abaee7677,hero/mcree/181.ogg
6c159d7fe48b6c0537583472e756ecf4,hero/mix/185.ogg
3ffe93334b0df59778e771e7cecf2256,hero/zarya/187.ogg
be375ab2df45e1338562127e40d4c255,hero/soldier/190.ogg
311980eb89122c99a5c835b430c02b3c,hero/mix/192.ogg
ce5716e94fd309dee95b6263e7ce201b,hero/tracer/196.ogg
d854fdebc121df01bb889b4652cb885f,hero/mix/199.ogg
b40d1a1df43ff76c069bf748851815b2,hero/mix/200.ogg
961d9123225f0db88dd1907de2a5984f,announcer/204.ogg
9410cceb59010497f93a6f173fb692fe,hero/mix/206.ogg
43ec335d044cfcd7425e5c2cb2f1c5e5,announcer/210.ogg
8c49abfb36c3e66db97acb645c6e3b39,hero/mix/213.ogg
886f6d70341af7e4a309a96fae74f625,hero/mix/214.ogg
37540a3424d9b98ec8ba5786c260bfd7,hero/mix/217.ogg
5a435f5e5dd9fd19b7d6febff816b887,hero/mix/226.ogg
669d85bef133b0b453fb669b815ab397,hero/mix/227.ogg
ab747d3006a26179c4fed047644d010b,hero/mix/230.ogg
3fa90f2e8d265574e9b6afe5e287375e,hero/mix/232.ogg
259bbf1f7d30d308a5f85f766cba2cac,hero/mix/241.ogg
1fc40cfccc7b38b4dd07d6e5ba1413d7,hero/soldier/246.ogg
d7b8b1a8438e7d0f98a75bffd0d10df9,hero/mix/248.ogg
474c86359c1e13212f18027809a81868,hero/lucio/250.ogg
2ad80490ec2099a81d83ced2c550b6ce,hero/genji/253.ogg
f26cb30115fbf5ee9507bb3ddb4eb569,hero/symmetra/256.ogg
604b7c5afbb25a6453ed5e8b934e9d54,hero/mix/259.ogg
16b3e9ee2ba66dcccf0a1c5c41a11911,hero/mix/264.ogg
2ae00e6412d76f6e3101c467ca4d0742,hero/mix/265.ogg
ae0775d29449cf5fd24256b932cb57cf,hero/symmetra/270.ogg
30a670b1278eda25649bdb446e70ff79,hero/mix/272.ogg
2b8da4eeedc20196e0da83af12d65040,hero/winston/277.ogg
a6c002dc41c31a5659499bdaa949da9c,hero/mix/282.ogg
7b297924f783e0ab4c01e9cea4529fcf,hero/mix/290.ogg
3cdbd2c8d5e7680c13bc36d753b458f6,hero/torbjorn/302.ogg
bc1d744386bfc45c99748b123844bcd2,hero/mix/304.ogg
90dc3b647c1b00fd022904c9aff2aa9b,hero/mix/308.ogg
5c7b9aae3d1f52912297fce9d37994d4,hero/mix/311.ogg
6c45f4ef30b69f5d91ff2ef4cb9f5142,hero/mix/312.ogg
910bf64940631e157da51dbd570e8a81,hero/mix/316.ogg
6fc912dd164d765e675201c8137b5655,hero/mix/318.ogg
20076046ff018fd486c60d92dabd789b,hero/zenyatta/320.ogg
bb26d092c331fdc19fa1204e8bfa927c,announcer/321.ogg
4f5b19b483f156d019573fd3da6dcc22,hero/dva/322.ogg
e4d692a5143655c61098caf389ca4c23,hero/mix/330.ogg
757b0fb20e6b6ffb56d5be73a47027e0,hero/mix/334.ogg
5defd753f5f0acc88458de728478c1bd,hero/mix/335.ogg
0ccb2de34e5b3077153abb905ec1b041,hero/mix/344.ogg
bef94e65552aff574439cee159983f63,hero/mix/350.ogg
99df42a315ea955c242e7781191781f0,hero/mix/351.ogg
6afccf4ddee8d61b6f03a26c5051e6e3,special/352.ogg
70a656b75f51ac648928510c8a424dd2,hero/mix/361.ogg
c20cc0aa1d99c55c4851286c4f482bfa,hero/roadhog/363.ogg
f6c73a8f710e4b618bd08b2c2b9e7e5e,hero/tracer/374.ogg
5cbec0f6e5f308f5df11b9557defe754,hero/mei/377.ogg
8cf36d63294c898f0f0e55d79f9015ba,special/380.ogg
f016dfc104285528c09eb44f7c0aedb3,hero/mcree/383.ogg
f533ebcef7cdd51b4da6a7a252b4ae2a,hero/mix/393.ogg
fc9a84fbcbbed67fc638cd3a9c22c170,hero/tracer/394.ogg
ca5ebebd597fbff27a311ff481a58929,hero/mix/396.ogg
b3f10f06c55162d2cb8e5b8df91d36ad,hero/mix/398.ogg
9e5c1c883a14e098710ea8c28a918f0e,hero/mix/399.ogg
91880ae69cf17f6d073e3cb3e2c49fb1,hero/reaper/404.ogg
0ff9c8a09d3a40b8b5bdeedc65f162db,announcer/406.ogg
f022ec688a6a461fd71c72c4ce6076ec,hero/bastion/408.ogg
c137392ec4902501d321bc867c97522e,hero/lucio/410.ogg
b62123a3055be0481687517d14329bc1,hero/lucio/412.ogg
12d4f6e48fc5272d3322bf18722c048a,hero/dva/415.ogg
a44c0582ad0199d8f220b416db54bddb,announcer/420.ogg
3fba84ad1664e476a2eddc0efc8bc49a,hero/roadhog/421.ogg
421e592d2c71d0fb4fffb2cdc4044194,hero/mei/424.ogg
fa1ddf1a57b9e8a4b7188f03aaf2a97e,hero/dva/426.ogg
05b18330509dbd1fd6b8e10516260d3c,hero/mercy/427.ogg
15cd43f0e1f1153374d17b259eb91f11,hero/mix/434.ogg
5fc03807de79b5aede676106f6ca9436,hero/mix/435.ogg
e84374f71fee9448d250c73d05253afe,hero/winston/436.ogg
fb6bdebe3016538c65b3d97bda36df72,hero/bastion/444.ogg
2cdb0dd1c0a393f865701be2abc33d9f,hero/mix/446.ogg
7bfceeae21228fc4fd78352859867804,hero/dva/449.ogg
f80f349c84314dcce356ff9544cae615,hero/bastion/451.ogg
9182755adaa96dbd66e38307f78dc2f5,hero/mercy/452.ogg
4ecc7236ef7e2f2532069869dca902c1,hero/zenyatta/453.ogg
4e267f360cafd5317ae59b5f586f8c7a,hero/zenyatta/457.ogg
ed238294f76bff2b0c3ed03fc52b0fe8,hero/torbjorn/458.ogg
858f9dbe6217701273591d4e5153f04d,hero/mix/463.ogg
b545a6ff3ff1046d3c7f54e6c3f84c0e,hero/junkrat/469.ogg
2b91d0037ad34133c8ff0a1e2e563cd6,hero/hanzo/473.ogg
e9b56715d185dea677fe50cacf0cd8d2,hero/reaper/474.ogg
8aa7ec32082fb628420a942b6c0c3cef,hero/winston/483.ogg
4d26f847b594ccf1919a1c468d66285b,hero/lucio/487.ogg
ad23b82920c2887502f484875cc520b5,hero/bastion/493.ogg
44ce0d1e44b904d2981a8c47de8f904a,hero/winston/498.ogg
daed2bd968992579b6cb97574e198197,hero/tracer/500.ogg
bb07827eb0af0dbfd1f4ab96fa520051,hero/winston/501.ogg
617c3f2dcd0123d4d400ae75084275e5,hero/junkrat/503.ogg
af4225ef27b8f7c32f98f78af3f3434e,hero/mix/506.ogg
e1d335011fdd7807824b8c8b80d22229,hero/winston/508.ogg
973cd653b1da45758e1b4f6cdb1f928d,hero/bastion/510.ogg
cc59e51dbc4280bdd573f3470c278f93,hero/genji/511.ogg
b054957498f48e0d9c5497418f3b12c4,hero/torbjorn/513.ogg
ce40aea61e629e2f49731fa2f6b5dd04,hero/mix/518.ogg
bacb427e5b33adbf5b3cba98e9db6d35,hero/mix/522.ogg
920a632eaf368b64c7c3a50122eaa6e8,announcer/529.ogg
9077ba81d1ed609419ce39fb23df4133,hero/mix/533.ogg
097365d1b487f6605d2a5575dc735e81,hero/mix/539.ogg
7aa363f3f5b9e0240a9bae50761b62dd,hero/genji/540.ogg
3954f5a902239621aaca3d4a4650228e,hero/zenyatta/541.ogg
ef6e1d75d6bd58ed985372137d1093a7,hero/lucio/545.ogg
790b7d967d6ab24dd21f9400647eabcb,hero/mix/550.ogg
6d1122a08dc8b173aac507311cb1c0dd,hero/symmetra/551.ogg
3d4ef1a24b0bcc0cd927a42adea6d3bc,announcer/554.ogg
a6b98143933b41ffaab042c74cde0b6f,hero/tracer/555.ogg
0160efcf229295a090fda09b5dd4ed2b,hero/mix/556.ogg
9a7694881a7a77d52d1297fd1cb2c5ce,hero/bastion/561.ogg
d5fb6aabe6741c857d6a4e52fa4d4a6d,hero/junkrat/566.ogg
b205d61c33fea073420cd078db168768,hero/junkrat/567.ogg
7ff509484c0911456efaebc1bf9047d2,hero/zenyatta/574.ogg
1cebc32967cc3e2e1ab6e5b198521a10,hero/lucio/575.ogg
3cb3fbcfaa7053c195be0685c31ddc6f,hero/mix/581.ogg
63c5838c9d2df7318c1f2829da75f1fb,hero/mix/582.ogg
c8fe8307cae0652704dd3a7c458601e0,hero/lucio/583.ogg
bb7827ac172ac13be8ce8cc049f5affb,hero/torbjorn/587.ogg
90ea23dc5837c635648be1113b5974d5,hero/mix/589.ogg
59446280e7ab610cb2e3fa562fdb24bb,hero/mix/595.ogg
5d6521665c29ba22f43317b5836335c8,hero/mix/597.ogg
43f8362578fe13240398ab4340c5271e,hero/mix/605.ogg
4ba387cfac14ab95103b0dff9a754892,hero/mix/608.ogg
45cf98f7922456bf113dfd5bfb3dca40,hero/zarya/611.ogg
122528cddc4989fe3c5a6e3abdd45379,announcer/612.ogg
cf5526cd9e5fdb88ca4ff5b4239265a1,hero/zenyatta/615.ogg
080ebae9228820a2e49c6935315b4b26,hero/mix/624.ogg
23947cb3b29e440a56344a3eb8efc8d9,hero/winston/628.ogg
89bb2b292fc2cb137ac3f5c86bf1b7d1,hero/zenyatta/635.ogg
2c9ef17b09259359e944742199a75c29,music/637.ogg
b1c539efd6764a4af24bef25bdb18e25,hero/mix/642.ogg
b5aa5310b1efe67bbebfee34d369b027,hero/mix/644.ogg
f2ef03d70676fbc159d10c1d3a42faff,hero/mix/645.ogg
0e74b90801bbe9a2c2b99bf507597c97,hero/mix/648.ogg
f1f5eac16c14fa8efe999702e644c3c8,hero/reaper/650.ogg
5d157ee0228a4e0150fecfbd51886f52,hero/hanzo/651.ogg
645e615fa8542dd745381adf11607df4,hero/mix/653.ogg
694b3f74afc3576e90169da20d872f0b,bg/654.ogg
abd7bcd1c5ad3a14d04d3ac0a769b98f,hero/mix/658.ogg
8833471c84bb5b424f716674b69e1cd6,hero/mix/661.ogg
84b801175a01d6e39f4515b12e144838,hero/winston/662.ogg
9136b917f58929bd4cc8e8ea759c9cef,hero/mix/663.ogg
981b4d1502bfbafb1523bf5bbb63d679,hero/mix/670.ogg
be7b8e7395f99d5aa8b5700bd256ab75,hero/genji/672.ogg
9e9d061751aa32d2387e4364baf19eb4,hero/mix/681.ogg
4aea4a08b4f8b845f3b94dc66c964e34,hero/mix/688.ogg
c984f5e1a06086e6d09820a29c4ad2c8,hero/mix/695.ogg
4cde5b0669d5dccdce1a8d5fa6ff0ba5,announcer/700.ogg
1a282fd7d319c7749addb8db9900f506,hero/tracer/701.ogg
f9d48c6b6e24a0fb4c3d953891c96d09,hero/mix/703.ogg
d5e9b798e117cee4fad7097c23513224,hero/zarya/706.ogg
908d7d4f345c7dac5d16e09cbc3d3bac,hero/zarya/707.ogg
365fe087b4b824168485fdbc9e8076b4,hero/torbjorn/708.ogg
4ca4c64565d517d5017f71715f230794,hero/zarya/709.ogg
cf0c59737a8d01cf0e6a8e7e9067d83b,hero/mix/711.ogg
01006c62ae4333be42cd0a4144da90c9,hero/zenyatta/722.ogg
eaec6e676d90d6998042e0d72562951b,hero/winston/723.ogg
3afe96bdd9144976a24afc6a0db5fbba,hero/mix/724.ogg
62dc9ef3ae18835fcb209962ffe5c223,hero/mix/727.ogg
8182baa388e4098dcf6199a8c838f2ab,hero/mix/735.ogg
15048bf1ec76b997c6576c2f9ff68145,hero/tracer/739.ogg
d9d50e9d49ee1b913b84be7479ba8ad7,hero/mix/741.ogg
a0d081e85a147e83256087916820cdd7,hero/mix/742.ogg
a4d77fe41b39e0f2fb15e30170ef92d0,hero/mix/743.ogg
b51c164f1f68cd96e9e22ca874fcffe4,hero/mix/749.ogg
6e20693e141e31351b8f3a638afd8eb5,hero/mix/750.ogg
8d9646780381e1ed0f5fe06375d6e6a5,hero/winston/753.ogg
768e0a687e177d589ab07a47f1e1f900,hero/mix/757.ogg
dd7ceb7174ef8fc4bb7e6bc00a7e4ced,hero/mix/759.ogg
6cc327b752893b756b2f3540616cbbff,hero/mix/769.ogg
16e346cc2d0b6603df31e5d87303f144,hero/zarya/770.ogg
35b866eb77ff7dc6cd757dffe7c1fdcd,hero/mix/771.ogg
12a98587d1a820f6bdf3f85a2e975799,hero/mix/774.ogg
4de185155bb0334293bef0cf812ee668,hero/mix/776.ogg
0811e8c147153ab98b1653007939189e,hero/mix/777.ogg
3ec2ed0a7be1fc28238aca2da684f742,hero/tracer/788.ogg
a81cbd6dbfba299f045a87cf05aa23a0,hero/mix/795.ogg
636dc1701a30fbcceebbd31271045ed9,hero/mcree/816.ogg
ff02be8a2cc35e0cffad12f358d22d04,hero/winston/817.ogg
0f0f826393e5a26827f29fd4172fd89f,hero/mix/818.ogg
7637bf79fc507b97a4411117b9de0e7d,hero/hanzo/821.ogg
02bf5db12da6abb77e7895f4216d65a2,hero/mix/824.ogg
4752e903e9beaaefe0828b918591bff1,hero/mix/829.ogg
df14e05b5160eb12e8db939d7187a8c4,hero/bastion/832.ogg
98df1a72b1ad7ab3d982c95db608f7ff,hero/mix/833.ogg
66325a5fb4a5be0b7bb40d415bbef6bb,hero/mix/835.ogg
e02e047401c81c2a57d1421d2b0a8341,hero/mix/838.ogg
6d83054ecb7f0d2d15097aa2794ab49d,hero/mix/844.ogg
34e467d5bdc807107ffd3baf776c2c6e,hero/mix/850.ogg
d32af13f68cd8e661d28ed7143c06000,hero/lucio/855.ogg
e10db85932002a79f3d92ba96042dbf2,hero/mix/856.ogg
1c786c8e9addcb1d49578b1b76d353ee,hero/hanzo/867.ogg
5af47756ace2ed344687cab58d5afbd5,hero/mix/870.ogg
ce19fd8355c600271164a56c7cd2afc4,hero/mix/872.ogg
15ba0ded3da237737ce28c3d1a393a1f,hero/lucio/876.ogg
b72b9dcc986abe3f7403b318154c8355,hero/mix/877.ogg
0695df2b645c71ed458c21ac16121bf3,hero/mix/884.ogg
bef8b904acbefbefb484a72997ab8b74,hero/mix/886.ogg
c04483b5c2104bc158d551cb507c77b2,hero/lucio/887.ogg
17fc06629ed9e2f72d0d5179c2852944,hero/zenyatta/890.ogg
5fbc868f54ae8e239331da6a0a4f3ac6,hero/tracer/891.ogg
2394bb6c4698e4933511bbe46c28f687,announcer/892.ogg
d155c25e9ae25d64e819cc5e88f3b566,announcer/894.ogg
a4cc9177186e540ba44d8921480173e5,hero/mix/895.ogg
4e92b12706300218a3d46d148a84ee17,hero/reaper/900.ogg
16042606df9bae9f6dac25480872e690,hero/lucio/905.ogg
6497f87b7615027d41dce209f11d52be,announcer/906.ogg
ce9110da483e64e59c547d5ea5ad964d,hero/mix/918.ogg
087ca44fb06d22cd769adcc8ac21cfbc,hero/mix/919.ogg
1452a778123c3d8cb4eae9f63d0ded7d,hero/mix/925.ogg
96fe3f5878f625275a2edc0d5a5d7b32,hero/mix/927.ogg
bb27cc7f4091e6fb8709a98e7dbb22e6,hero/zenyatta/930.ogg
6cbc47bae8548b3feb64531ba14792d7,hero/mix/932.ogg
f925e19e005316b5ba6928b1861df096,announcer/934.ogg
f48c98febb0ee87307f2e24f78323deb,hero/mix/939.ogg
f541de084cdfffac8764ca71a23d4ade,hero/zarya/943.ogg
dd4011940972e20732da482dc74b44f7,hero/mix/946.ogg
3312ec8b0ad6bb26ab271c8f83bea39d,hero/bastion/950.ogg
f67ed52f8ccbd28ca69a570e182d89b5,hero/mix/951.ogg
9d0724723fd3bef4f64ccde0b0880c30,hero/mix/956.ogg
367e69f38274d6b930fd19fc08ccbd1d,hero/mix/957.ogg
b1f64ede4293eb55e2370cd5f064651c,hero/mix/958.ogg
b6b3eacd5eff3668d51125fc0b7b4fea,hero/mix/963.ogg
862c65c28cf95ab7cb01a79d399fc14d,hero/mix/964.ogg
9e063040c1f52856b5c786cae9343d22,hero/mix/974.ogg
fea28099d2e0a7e0b43ba4db40dd5162,hero/winston/976.ogg
6ba3d873cda9703cf43c764bf371d7aa,hero/mix/984.ogg
72a5d3be6a335b8075adf0376b0aeb7a,hero/mix/986.ogg
919189a3697a042df8684e0a63b9a702,hero/mix/992.ogg
8f6f11610fcf0c9c71905df0d61796b3,hero/bastion/993.ogg
ab45d79c661315538a3d6f004b6c0ba5,hero/mcree/999.ogg
ab78ca541e8c58946baf78403b539cae,hero/zenyatta/1002.ogg
2b134cceafa98941e155fa69fff99c0d,hero/winston/1005.ogg
cc02b462f3145ba7b9556884f5350923,hero/mix/1007.ogg
1e357fabb4785b273eec51d4613f5c33,hero/reinhardt/1011.ogg
bda3e67c0359df2ccbdb527970495f20,hero/reaper/1015.ogg
040cf456043add24b4d89241ed38b78b,hero/junkrat/1016.ogg
3e0ca66480a47bf229c7c53acda4fddb,hero/mix/1017.ogg
d584c18cf0aed1719666c19e07adafd1,hero/mix/1018.ogg
